Date,Low,Open,Volume,Close,High
2009-05-06,1.00,1.00,0,1.05,1.05
2009-05-05,1.05,1.05,0,1.05,1.05
2009-05-04,1.08,1.08,0,1.10,1.10
2009-04-30,1.03,1.03,0,1.05,1.05
2009-04-29,1.05,1.05,0,1.05,1.05
2009-04-28,1.08,1.08,0,1.10,1.10
2009-04-27,1.08,1.08,0,1.10,1.10
2009-04-24,1.01,1.01,0,1.05,1.05
2009-04-23,0.99,0.99,0,1.00,1.00
2009-04-22,1.00,1.00,0,1.00,1.00
2009-04-21,1.00,1.00,0,1.00,1.00
2009-04-20,0.96,0.96,0,0.96,0.96
2009-04-17,0.99,0.99,0,1.00,1.00
2009-04-16,0.95,0.95,0,0.96,0.96
2009-04-15,0.93,0.93,0,0.92,0.92
2009-04-14,0.95,0.95,0,0.94,0.94
2009-04-09,1.90,1.90,0,1.00,1.00
2009-04-09,0.97,0.97,0,0.98,0.98
2009-04-08,0.98,0.98,0,1.00,1.00
2009-04-07,0.95,0.95,0,0.96,0.96
2009-04-06,0.89,0.89,0,0.92,0.92
2009-04-03,0.87,0.87,0,0.88,0.88
2009-04-02,0.87,0.87,0,0.87,0.87
2009-04-01,0.91,0.91,0,0.91,0.91
2009-03-31,0.95,0.95,0,0.95,0.95
2009-03-30,0.95,0.95,0,0.95,0.95
2009-03-27,0.99,0.99,0,0.99,0.99
2009-03-26,1.04,1.04,0,1.04,1.04
2009-03-24,1.09,1.09,0,1.09,1.09
2009-03-23,1.15,1.15,0,1.14,1.14
2009-03-20,1.11,1.11,0,1.20,1.20
2009-03-19,1.16,1.16,0,1.16,1.16
2009-03-18,1.21,1.21,0,1.22,1.22
2009-03-17,1.20,1.20,0,1.23,1.23
2009-03-16,1.22,1.22,0,1.23,1.23
2009-03-13,1.20,1.20,0,1.20,1.20
2009-03-12,1.24,1.24,0,1.25,1.25
2009-03-11,1.28,1.28,0,1.25,1.25
2009-03-10,1.16,1.16,0,1.23,1.23
2009-03-06,1.16,1.16,0,1.20,1.20
2009-03-05,1.17,1.17,0,1.15,1.15
2009-03-04,1.17,1.17,0,1.15,1.15
2009-03-03,1.21,1.21,0,1.21,1.21
2009-03-02,1.27,1.27,0,1.27,1.27
2009-02-27,1.37,1.37,0,1.33,1.33
2009-02-26,1.36,1.36,0,1.40,1.40
2009-02-25,1.42,1.42,0,1.42,1.42
2010-03-25,1.05,1.05,0,1.09,1.09
2010-03-26,1.09,1.09,0,1.04,1.04
2010-03-23,0.96,0.96,0,1.00,1.00
2009-02-24,1.48,1.48,0,1.49,1.49
2009-02-23,1.50,1.50,0,1.53,1.53
2009-02-20,1.54,1.54,0,1.54,1.54
2009-02-19,1.62,1.62,0,1.62,1.62
2009-02-18,1.65,1.65,0,1.61,1.61
2009-02-17,1.58,1.58,0,1.58,1.58
2009-02-16,1.51,1.51,0,1.51,1.51
2009-02-13,1.43,1.43,0,1.44,1.44
2009-02-12,1.37,1.37,0,1.38,1.38
2009-02-11,1.27,1.27,0,1.32,1.32
2009-02-10,1.26,1.26,0,1.26,1.26
2009-02-09,1.20,1.20,0,1.20,1.20
2009-02-06,1.15,1.15,0,1.15,1.15
2009-02-05,1.09,1.09,0,1.10,1.10
2009-02-04,1.07,1.07,0,1.11,1.11
2009-02-03,1.09,1.09,0,1.12,1.12
2009-02-02,1.12,1.12,0,1.07,1.07
2009-01-30,1.12,1.12,0,1.12,1.12
2009-01-29,1.17,1.17,0,1.17,1.17
2009-01-28,1.23,1.23,0,1.23,1.23
2009-01-27,1.23,1.23,0,1.23,1.23
2009-01-26,1.34,1.34,0,1.29,1.29
2009-01-23,1.35,1.35,0,1.35,1.35
2009-01-22,1.42,1.42,0,1.42,1.42
2009-01-21,1.49,1.49,0,1.49,1.49
2009-01-20,1.56,1.56,0,1.56,1.56
2009-01-19,1.66,1.66,0,1.64,1.64
2009-01-16,1.64,1.64,0,1.64,1.64
2009-01-15,1.64,1.64,0,1.64,1.64
2009-01-14,1.72,1.72,0,1.72,1.72
2009-01-13,1.81,1.81,0,1.81,1.81
2009-01-12,1.88,1.88,0,1.90,1.90
2009-01-09,1.90,1.90,0,1.90,1.90
2009-01-08,1.96,1.96,0,2.00,2.00
2009-01-07,1.91,1.91,0,2.00,2.00
2009-01-06,1.99,1.99,0,1.95,1.95
2009-01-05,2.05,2.05,0,2.05,2.05
2009-01-02,1.96,1.96,0,1.96,1.96
2008-12-31,1.96,1.96,0,1.96,1.96
2008-12-30,1.77,1.77,0,1.87,1.87
2008-12-29,1.74,1.74,0,1.79,1.79
2008-12-24,1.80,1.80,0,1.80,1.80
2008-12-23,1.71,1.71,0,1.72,1.72
2008-12-22,1.64,1.64,0,1.64,1.64
2008-12-19,1.46,1.46,0,1.57,1.57
2008-12-18,1.48,1.48,0,1.50,1.50
2008-12-17,1.43,1.43,0,1.43,1.43
2008-12-16,1.43,1.43,0,1.43,1.43
2008-12-15,1.50,1.50,0,1.50,1.50
2008-12-12,1.57,1.57,0,1.57,1.57
2008-12-11,1.67,1.67,0,1.65,1.65
2008-12-10,1.70,1.70,0,1.73,1.73
2008-12-05,1.73,1.73,0,1.73,1.73
2008-12-04,1.65,1.65,0,1.66,1.66
2008-12-03,1.72,1.72,0,1.72,1.72
2008-12-02,1.85,1.85,0,1.81,1.81
2008-12-01,1.96,1.96,0,1.90,1.90
2008-11-28,1.92,1.92,0,1.91,1.91
2008-11-27,2.04,2.04,0,2.01,2.01
2008-11-26,1.91,1.91,0,1.99,1.99
2008-11-25,1.94,1.94,0,1.90,1.90
2008-11-24,1.97,1.97,0,2.00,2.00
2008-11-21,2.07,2.07,0,2.07,2.07
2008-11-20,2.17,2.17,0,2.17,2.17
2008-11-19,2.31,2.31,0,2.28,2.28
2008-11-18,2.44,2.44,0,2.40,2.40
2008-11-17,2.41,2.41,0,2.34,2.34
2008-11-14,2.38,2.38,0,2.45,2.45
2008-11-13,2.50,2.50,0,2.47,2.47
2008-11-12,2.63,2.63,0,2.60,2.60
2008-11-11,2.71,2.71,0,2.71,2.71
2008-11-10,2.58,2.58,0,2.59,2.59
2008-11-07,2.45,2.45,0,2.47,2.47
2008-11-05,2.13,2.13,0,2.25,2.25
2008-11-04,2.23,2.23,0,2.30,2.30
2008-11-03,2.15,2.15,0,2.26,2.26
2008-10-31,2.06,2.06,0,2.06,2.06
2008-10-30,2.06,2.06,0,2.16,2.16
2008-10-29,2.06,2.06,0,2.16,2.16
2008-10-28,2.16,2.16,0,2.16,2.16
2008-10-27,2.25,2.25,0,2.25,2.25
2008-10-24,2.25,2.25,0,2.25,2.25
2008-10-23,2.25,2.25,0,2.25,2.25
2008-10-22,2.25,2.25,0,2.25,2.25
2008-10-21,2.27,2.27,0,2.27,2.27
2008-10-20,2.29,2.29,0,2.29,2.29
2008-10-17,2.31,2.31,0,2.31,2.31
2008-10-16,2.33,2.33,0,2.33,2.33
2008-10-15,2.33,2.33,0,2.33,2.33
2008-10-14,2.37,2.37,0,2.35,2.35
2008-10-13,2.37,2.37,0,2.37,2.37
2008-10-10,2.39,2.39,0,2.39,2.39
2008-10-09,2.41,2.41,0,2.41,2.41
2008-10-08,2.43,2.43,0,2.43,2.43
2008-10-07,2.32,2.32,0,2.45,2.45
2008-10-06,2.34,2.34,0,2.34,2.34
2008-10-03,2.34,2.34,0,2.34,2.34
2008-10-02,2.34,2.34,0,2.36,2.36
2008-09-26,2.35,2.35,0,2.35,2.35
2008-09-25,2.37,2.37,0,2.37,2.37
2008-09-24,2.39,2.39,0,2.39,2.39
2008-09-23,2.41,2.41,0,2.41,2.41
2008-09-22,2.43,2.43,0,2.43,2.43
2008-09-19,2.45,2.45,0,2.45,2.45
2008-09-18,2.47,2.47,0,2.47,2.47
2008-09-17,2.49,2.49,0,2.49,2.49
2008-09-16,2.51,2.51,0,2.51,2.51
2008-09-15,2.53,2.53,0,2.53,2.53
2008-09-12,2.55,2.55,0,2.55,2.55
2008-09-11,2.57,2.57,0,2.57,2.57
2008-09-10,2.59,2.59,0,2.59,2.59
2008-09-09,2.61,2.61,0,2.61,2.61
2008-09-08,2.63,2.63,0,2.63,2.63
2008-09-05,2.67,2.67,0,2.65,2.65
2008-09-04,2.65,2.65,0,2.67,2.67
2008-09-03,2.57,2.57,0,2.57,2.57
2008-09-02,2.45,2.45,0,2.45,2.45
2008-09-01,2.34,2.34,0,2.34,2.34
2008-08-29,2.34,2.34,0,2.34,2.34
2008-08-28,2.23,2.23,0,2.23,2.23
2008-08-27,2.13,2.13,0,2.13,2.13
2008-08-26,2.09,2.09,0,2.03,2.03
2008-08-25,2.04,2.04,0,2.12,2.12
2008-08-22,2.12,2.12,0,2.12,2.12
2008-08-21,2.30,2.30,0,2.23,2.23
2008-08-19,2.52,2.52,0,2.46,2.46
2008-08-18,2.60,2.60,0,2.58,2.58
2008-08-15,2.47,2.47,0,2.52,2.52
2008-08-14,2.50,2.50,0,2.45,2.45
2008-08-13,2.51,2.51,0,2.57,2.57
2008-08-12,2.63,2.63,0,2.60,2.60
2008-08-11,2.73,2.73,0,2.71,2.71
2008-08-08,2.87,2.87,0,2.85,2.85
2008-08-07,2.91,2.91,0,2.91,2.91
2008-08-06,2.99,2.99,0,2.99,2.99
2008-08-05,3.12,3.12,0,3.09,3.09
2008-08-04,3.23,3.23,0,3.25,3.25
2008-08-01,3.26,3.26,0,3.35,3.35
2008-07-31,3.29,3.29,0,3.30,3.30
2008-07-30,3.13,3.13,0,3.15,3.15
2008-07-29,3.15,3.15,0,3.00,3.00
2008-07-28,2.91,2.91,0,3.07,3.07
2008-07-25,2.93,2.93,0,2.93,2.93
2008-07-24,3.08,3.08,0,3.08,3.08
2008-07-23,3.10,3.10,0,3.24,3.24
2008-07-22,3.10,3.10,0,3.10,3.10
2008-07-21,3.27,3.27,0,3.25,3.25
2008-07-18,3.25,3.25,0,3.42,3.42
2008-07-17,3.26,3.26,0,3.26,3.26
2008-07-16,3.45,3.45,0,3.43,3.43
2008-07-15,3.61,3.61,0,3.61,3.61
2008-07-14,3.80,3.80,0,3.80,3.80
2008-07-11,3.92,3.92,0,4.00,4.00
2008-07-10,4.07,4.07,0,4.00,4.00
2008-07-09,4.23,4.23,0,4.08,4.08
2008-07-08,4.29,4.29,0,4.29,4.29
2008-07-07,4.38,4.38,0,4.51,4.51
2008-07-04,4.36,4.36,0,4.49,4.49
2008-07-03,4.52,4.52,0,4.52,4.52
2008-07-02,4.31,4.31,0,4.31,4.31
2008-07-01,4.11,4.11,0,4.11,4.11
2008-06-30,3.92,3.92,0,3.92,3.92
2008-06-27,3.58,3.58,0,3.74,3.74
2008-06-26,3.67,3.67,0,3.58,3.58
2008-06-25,3.78,3.78,0,3.76,3.76
2008-06-24,3.77,3.77,0,3.75,3.75
2008-06-23,3.98,3.98,0,3.94,3.94
2008-06-20,4.14,4.14,0,4.14,4.14
2008-06-19,4.35,4.35,0,4.35,4.35
2008-06-18,4.57,4.57,0,4.57,4.57
2008-06-17,4.92,4.92,0,4.81,4.81
2008-06-16,5.30,5.30,0,5.06,5.06
2008-06-13,5.32,5.32,0,5.32,5.32
2008-06-12,5.18,5.18,0,5.32,5.32
2008-06-11,4.98,4.98,0,5.13,5.13
2008-06-10,4.75,4.75,0,4.95,4.95
2008-06-09,4.76,4.76,0,4.72,4.72
2008-06-06,4.71,4.71,0,4.72,4.72
2008-06-05,5.03,5.03,0,4.75,4.75
2008-06-04,4.93,4.93,0,4.99,4.99
2008-06-03,4.58,4.58,0,4.89,4.89
2008-06-02,4.65,4.65,0,4.66,4.66
2008-05-30,4.83,4.83,0,4.82,4.82
2008-05-28,5.07,5.07,0,5.07,5.07
2008-05-27,5.37,5.37,0,5.33,5.33
2008-05-26,5.64,5.64,0,5.61,5.61
2008-05-23,5.82,5.82,0,5.90,5.90
2008-05-22,5.93,5.93,0,6.00,6.00
2008-05-21,5.95,5.95,0,6.00,6.00
2008-05-20,6.09,6.09,0,6.07,6.07
2008-05-19,5.91,5.91,0,6.00,6.00
2008-05-16,5.93,5.93,0,5.95,5.95
2008-05-15,5.67,5.67,0,5.67,5.67
2008-05-14,5.84,5.84,0,5.40,5.40
2008-05-13,5.65,5.65,0,5.67,5.67
2008-05-12,5.65,5.65,0,5.40,5.40
2008-05-09,5.76,5.76,0,5.50,5.50
2008-05-08,5.57,5.57,0,5.57,5.57
2008-05-07,5.31,5.31,0,5.31,5.31
2008-05-06,5.10,5.10,0,5.06,5.06
2008-05-05,5.33,5.33,0,5.32,5.32
2008-05-02,5.52,5.52,0,5.60,5.60
2008-04-30,5.58,5.58,0,5.65,5.65
2008-04-29,5.48,5.48,0,5.42,5.42
2008-04-28,5.71,5.71,0,5.70,5.70
2008-04-25,6.11,6.11,0,6.00,6.00
2008-04-24,6.13,6.13,0,6.18,6.18
2008-04-23,5.93,5.93,0,6.30,6.30
2008-04-22,5.90,5.90,0,6.00,6.00
2008-04-21,6.24,6.24,0,6.00,6.00
2008-04-18,6.01,6.01,0,6.00,6.00
2008-04-17,6.14,6.14,0,5.90,5.90
2008-04-16,6.28,6.28,0,6.02,6.02
2008-04-15,6.63,6.63,0,6.33,6.33
2008-04-14,6.52,6.52,0,6.62,6.62
2008-04-11,6.29,6.29,0,6.31,6.31
2008-04-10,6.13,6.13,0,6.01,6.01
2008-04-09,6.33,6.33,0,6.32,6.32
2008-04-08,6.67,6.67,0,6.65,6.65
2008-04-07,7.05,7.05,0,7.00,7.00
2008-04-04,6.72,6.72,0,6.84,6.84
2008-04-03,6.52,6.52,0,6.52,6.52
2008-04-02,6.21,6.21,0,6.21,6.21
2008-04-01,5.92,5.92,0,5.92,5.92
2008-03-31,5.61,5.61,0,5.64,5.64
2008-03-28,5.35,5.35,0,5.38,5.38
2008-03-27,5.45,5.45,0,5.45,5.45
2008-03-26,5.73,5.73,0,5.73,5.73
2008-03-25,6.03,6.03,0,6.03,6.03
2008-03-20,6.34,6.34,0,6.34,6.34
2008-03-18,6.67,6.67,0,6.67,6.67
2008-03-17,7.03,7.03,0,7.02,7.02
2008-03-14,7.50,7.50,0,7.38,7.38
2008-03-13,7.38,7.38,0,7.56,7.56
2008-03-12,7.02,7.02,0,7.24,7.24
2008-03-11,6.93,6.93,0,6.94,6.94
2008-03-10,6.61,6.61,0,6.61,6.61
2008-03-07,6.25,6.25,0,6.30,6.30
2008-03-06,6.00,6.00,0,6.00,6.00
2008-03-05,5.73,5.73,0,5.76,5.76
2008-03-04,5.46,5.46,0,5.49,5.49
2008-03-03,5.03,5.03,0,5.23,5.23
2008-02-29,4.89,4.89,0,4.99,4.99
2008-02-28,5.45,5.45,0,5.13,5.13
2008-02-27,5.39,5.39,0,5.39,5.39
2008-02-26,5.14,5.14,0,5.14,5.14
2008-02-25,4.90,4.90,0,4.90,4.90
2008-02-22,4.67,4.67,0,4.67,4.67
2008-02-21,4.45,4.45,0,4.45,4.45
2008-02-20,4.24,4.24,0,4.24,4.24
2008-02-19,4.04,4.04,0,4.04,4.04
2008-02-18,3.83,3.83,0,3.85,3.85
2008-02-15,3.49,3.49,0,3.67,3.67
2008-02-14,3.48,3.48,0,3.50,3.50
2008-02-13,3.41,3.41,0,3.41,3.41
2008-02-12,3.39,3.39,0,3.25,3.25
2008-02-11,3.45,3.45,0,3.35,3.35
2008-02-08,3.63,3.63,0,3.52,3.52
2008-02-07,3.88,3.88,0,3.88,3.88
2008-02-06,3.74,3.74,0,3.70,3.70
2008-02-05,3.77,3.77,0,3.70,3.70
2008-02-04,3.74,3.74,0,3.70,3.70
2008-02-01,3.67,3.67,0,3.67,3.67
2008-01-31,3.50,3.50,0,3.50,3.50
2008-01-30,3.33,3.33,0,3.34,3.34
2008-01-29,3.18,3.18,0,3.19,3.19
2008-01-28,3.01,3.01,0,3.04,3.04
2008-01-25,2.92,2.92,0,2.90,2.90
2008-01-24,2.89,2.89,0,3.00,3.00
2008-01-23,3.03,3.03,0,2.88,2.88
2008-01-22,2.89,2.89,0,3.03,3.03
2008-01-21,2.91,2.91,0,2.90,2.90
2008-01-18,3.10,3.10,0,3.04,3.04
2008-01-17,3.06,3.06,0,3.20,3.20
2008-01-16,3.11,3.11,0,3.07,3.07
2008-01-15,2.94,2.94,0,3.05,3.05
2008-01-14,2.87,2.87,0,2.92,2.92
2008-01-11,2.78,2.78,0,2.81,2.81
2008-01-10,2.89,2.89,0,2.81,2.81
2008-01-09,2.89,2.89,0,2.90,2.90
2008-01-08,3.08,3.08,0,3.00,3.00
2008-01-07,3.11,3.11,0,3.10,3.10
2008-01-04,3.05,3.05,0,3.05,3.05
2008-01-03,2.91,2.91,0,2.91,2.91
2008-01-02,2.66,2.66,0,2.78,2.78
2007-12-31,2.55,2.55,0,2.65,2.65
2007-12-28,2.37,2.37,0,2.59,2.59
2007-12-24,2.65,2.65,0,2.57,2.57
2007-12-18,2.79,2.79,0,2.60,2.60
2007-12-17,2.64,2.64,0,2.68,2.68
2007-12-14,2.73,2.73,0,2.60,2.60
2007-12-13,2.68,2.68,0,2.70,2.70
2007-12-12,2.63,2.63,0,2.70,2.70
2007-12-11,2.72,2.72,0,2.62,2.62
2007-12-10,2.87,2.87,0,2.75,2.75
2007-12-07,2.79,2.79,0,2.82,2.82
2007-12-06,2.69,2.69,0,2.69,2.69
2007-12-05,2.48,2.48,0,2.57,2.57
2007-12-04,2.48,2.48,0,2.45,2.45
2007-12-03,2.43,2.43,0,2.40,2.40
2007-11-30,2.55,2.55,0,2.47,2.47
2007-11-29,2.64,2.64,0,2.60,2.60
2007-11-28,2.65,2.65,0,2.65,2.65
2007-11-27,2.51,2.51,0,2.53,2.53
2007-11-26,2.47,2.47,0,2.41,2.41
2007-11-23,2.51,2.51,0,2.51,2.51
2007-11-22,2.63,2.63,0,2.64,2.64
2007-11-21,2.78,2.78,0,2.75,2.75
2007-11-20,2.88,2.88,0,2.88,2.88
2007-11-19,2.75,2.75,0,2.75,2.75
2007-11-16,2.61,2.61,0,2.62,2.62
2007-11-15,2.49,2.49,0,2.50,2.50
2007-11-14,2.30,2.30,0,2.49,2.49
2007-11-13,2.39,2.39,0,2.38,2.38
2007-11-12,2.51,2.51,0,2.50,2.50
2007-11-09,2.50,2.50,0,2.50,2.50
2007-11-08,2.45,2.45,0,2.50,2.50
2007-11-07,2.46,2.46,0,2.43,2.43
2007-11-06,2.58,2.58,0,2.55,2.55
2007-11-05,2.55,2.55,0,2.55,2.55
2007-11-02,2.46,2.46,0,2.47,2.47
2007-10-31,2.42,2.42,0,2.36,2.36
2007-10-30,2.51,2.51,0,2.45,2.45
2007-10-29,2.59,2.59,0,2.50,2.50
2007-10-26,2.50,2.50,0,2.48,2.48
2007-10-25,2.54,2.54,0,2.54,2.54
2007-10-24,2.42,2.42,0,2.42,2.42
2007-10-23,2.32,2.32,0,2.31,2.31
2007-10-22,2.36,2.36,0,2.36,2.36
2007-10-19,2.41,2.41,0,2.41,2.41
2007-10-18,2.46,2.46,0,2.41,2.41
2007-10-17,2.53,2.53,0,2.53,2.53
2007-10-16,2.66,2.66,0,2.66,2.66
2007-10-15,2.85,2.85,0,2.80,2.80
2007-10-10,2.85,2.85,0,2.84,2.84
2007-10-09,2.87,2.87,0,2.98,2.98
2007-10-08,2.89,2.89,0,2.89,2.89
2007-10-05,2.87,2.87,0,2.85,2.85
2007-10-04,2.85,2.85,0,2.85,2.85
2007-10-03,2.90,2.90,0,3.00,3.00
2007-10-02,2.76,2.76,0,2.98,2.98
2007-09-28,2.85,2.85,0,2.85,2.85
2007-09-27,2.98,2.98,0,2.99,2.99
2007-09-26,2.91,2.91,0,2.98,2.98
2007-09-25,2.89,2.89,0,2.85,2.85
2007-09-24,2.97,2.97,0,2.99,2.99
2007-09-21,2.89,2.89,0,2.92,2.92
2007-09-20,2.55,2.55,0,2.79,2.79
2007-09-19,2.68,2.68,0,2.66,2.66
2007-09-18,2.81,2.81,0,2.79,2.79
2007-09-17,2.93,2.93,0,2.93,2.93
2007-09-14,2.99,2.99,0,2.80,2.80
2007-09-13,2.86,2.86,0,2.86,2.86
2007-09-12,3.01,3.01,0,3.01,3.01
2007-09-11,3.41,3.41,0,3.16,3.16
2007-09-10,3.31,3.31,0,3.32,3.32
2007-09-07,3.17,3.17,0,3.17,3.17
2007-09-06,2.93,2.93,0,3.02,3.02
2007-09-05,2.97,2.97,0,2.99,2.99
2007-09-04,2.62,2.62,0,2.85,2.85
2007-09-03,2.75,2.75,0,2.75,2.75
2007-08-31,2.61,2.61,0,2.63,2.63
2007-08-30,2.72,2.72,0,2.71,2.71
2007-08-29,2.74,2.74,0,2.71,2.71
2007-08-28,2.84,2.84,0,2.84,2.84
2007-08-27,2.95,2.95,0,2.98,2.98
2007-08-24,2.99,2.99,0,2.99,2.99
2007-08-23,2.84,2.84,0,2.85,2.85
2007-08-22,2.87,2.87,0,2.85,2.85
2007-08-21,2.88,2.88,0,2.99,2.99
2007-08-20,3.03,3.03,0,3.00,3.00
2007-08-17,3.01,3.01,0,3.00,3.00
2007-08-16,3.15,3.15,0,3.10,3.10
2007-08-15,3.15,3.15,0,3.15,3.15
2007-08-14,3.07,3.07,0,3.02,3.02
2007-08-13,3.18,3.18,0,3.17,3.17
2007-08-10,3.36,3.36,0,3.33,3.33
2007-08-09,3.40,3.40,0,3.38,3.38
2007-08-08,3.43,3.43,0,3.55,3.55
2007-08-07,3.58,3.58,0,3.42,3.42
2007-08-06,3.58,3.58,0,3.60,3.60
2007-08-03,3.47,3.47,0,3.56,3.56
2007-08-02,3.39,3.39,0,3.40,3.40
2007-08-01,3.28,3.28,0,3.30,3.30
2007-07-31,3.42,3.42,0,3.42,3.42
2007-07-30,3.54,3.54,0,3.60,3.60
2007-07-27,3.60,3.60,0,3.55,3.55
2007-07-26,3.79,3.79,0,3.70,3.70
2007-07-25,3.82,3.82,0,3.87,3.87
2007-07-24,3.52,3.52,0,3.69,3.69
2007-07-23,3.57,3.57,0,3.52,3.52
2007-07-20,3.65,3.65,0,3.70,3.70
2007-07-19,3.94,3.94,0,3.70,3.70
2007-07-18,3.70,3.70,0,3.88,3.88
2007-07-17,3.91,3.91,0,3.88,3.88
2007-07-16,4.20,4.20,0,4.08,4.08
2007-07-13,4.00,4.00,0,4.29,4.29
2007-07-12,4.18,4.18,0,4.09,4.09
2007-07-11,4.09,4.09,0,4.09,4.09
2007-07-10,3.78,3.78,0,3.90,3.90
2007-07-09,3.72,3.72,0,3.72,3.72
2007-07-06,3.85,3.85,0,3.80,3.80
2007-07-05,3.99,3.99,0,4.00,4.00
2007-07-04,3.98,3.98,0,4.10,4.10
2007-07-03,4.06,4.06,0,4.10,4.10
2007-07-02,4.19,4.19,0,4.10,4.10
2007-06-29,4.28,4.28,0,4.23,4.23
2007-06-28,4.20,4.20,0,4.45,4.45
2007-06-27,4.12,4.12,0,4.24,4.24
2007-06-26,4.04,4.04,0,4.06,4.06
2007-06-25,3.81,3.81,0,3.90,3.90
2007-06-22,3.75,3.75,0,3.72,3.72
2007-06-21,4.03,4.03,0,3.90,3.90
2007-06-20,3.87,3.87,0,3.85,3.85
2007-06-19,3.90,3.90,0,3.90,3.90
2007-06-18,3.81,3.81,0,3.99,3.99
2007-06-17,4.06,4.06,0,3.99,3.99
2007-06-16,4.06,4.06,0,3.99,3.99
2007-06-15,4.06,4.06,0,3.99,3.99
2007-06-14,4.04,4.04,0,4.20,4.20
2007-06-13,4.30,4.30,0,4.00,4.00
2007-06-12,3.94,3.94,0,4.20,4.20
2007-06-11,4.01,4.01,0,4.09,4.09
2007-06-08,3.83,3.83,0,3.90,3.90
2007-06-07,3.97,3.97,0,4.00,4.00
2007-06-06,4.13,4.13,0,4.09,4.09
2007-06-05,4.31,4.31,0,4.30,4.30
2007-06-04,4.19,4.19,0,4.12,4.12
2007-06-01,4.13,4.13,0,4.10,4.10
2007-05-31,4.24,4.24,0,4.20,4.20
2007-05-30,4.09,4.09,0,4.19,4.19
2007-05-28,4.14,4.14,0,4.00,4.00
2007-05-25,4.14,4.14,0,4.15,4.15
2007-05-24,3.65,3.65,0,3.96,3.96
2007-05-23,3.78,3.78,0,3.78,3.78
2007-05-21,3.72,3.72,0,3.79,3.79
2007-05-18,3.82,3.82,0,3.90,3.90
2007-05-17,3.81,3.81,0,3.80,3.80
2007-05-16,3.81,3.81,0,3.80,3.80
2007-05-15,4.03,4.03,0,4.00,4.00
2007-05-14,4.11,4.11,0,4.00,4.00
2007-05-11,4.01,4.01,0,4.04,4.04
2007-05-10,3.78,3.78,0,3.85,3.85
2007-05-09,3.47,3.47,0,3.70,3.70
2007-05-08,3.53,3.53,0,3.53,3.53
2007-05-07,3.80,3.80,0,3.71,3.71
2007-05-04,3.82,3.82,0,3.71,3.71
2007-05-03,3.98,3.98,0,3.90,3.90
2007-05-02,4.07,4.07,0,4.07,4.07
2007-04-30,4.34,4.34,0,4.28,4.28
2007-04-27,4.50,4.50,0,4.50,4.50
2007-04-26,4.93,4.93,0,4.73,4.73
2007-04-25,4.92,4.92,0,4.97,4.97
2007-04-24,4.42,4.42,0,4.74,4.74
2007-04-23,4.71,4.71,0,4.52,4.52
2007-04-19,4.50,4.50,0,4.50,4.50
2007-04-18,4.29,4.29,0,4.29,4.29
2007-04-17,4.09,4.09,0,4.09,4.09
2007-04-16,3.90,3.90,0,3.90,3.90
2007-04-11,3.72,3.72,0,3.72,3.72
2007-04-10,3.55,3.55,0,3.55,3.55
2007-04-05,3.39,3.39,0,3.39,3.39
2007-04-04,3.23,3.23,0,3.23,3.23
2007-04-03,3.08,3.08,0,3.08,3.08
2007-03-30,2.89,2.89,0,2.94,2.94
2007-03-29,2.80,2.80,0,2.80,2.80
2007-03-28,2.67,2.67,0,2.67,2.67
2007-03-27,2.55,2.55,0,2.55,2.55
2007-03-26,2.55,2.55,0,2.43,2.43
2007-03-23,2.55,2.55,0,2.55,2.55
2007-03-22,2.43,2.43,0,2.43,2.43
2007-03-21,2.32,2.32,0,2.32,2.32
2007-03-20,2.50,2.50,0,2.40,2.40
2007-03-19,2.46,2.46,0,2.46,2.46
2007-03-16,2.40,2.40,0,2.35,2.35
2007-03-15,2.46,2.46,0,2.47,2.47
2007-03-14,2.55,2.55,0,2.55,2.55
2007-03-13,2.74,2.74,0,2.67,2.67
2007-03-12,2.90,2.90,0,2.81,2.81
2007-03-09,2.94,2.94,0,2.90,2.90
2007-03-08,3.09,3.09,0,3.00,3.00
2007-03-07,3.07,3.07,0,3.07,3.07
2007-03-06,2.93,2.93,0,2.93,2.93
2007-03-05,2.88,2.88,0,2.80,2.80
2007-03-02,2.85,2.85,0,2.90,2.90
2007-03-01,2.73,2.73,0,2.79,2.79
2007-02-28,2.66,2.66,0,2.66,2.66
2007-02-27,2.54,2.54,0,2.54,2.54
2007-02-23,2.29,2.29,0,2.42,2.42
2007-02-22,2.31,2.31,0,2.31,2.31
2007-02-21,2.20,2.20,0,2.20,2.20
2007-02-20,1.95,1.95,0,2.10,2.10
2007-02-19,2.00,2.00,0,2.00,2.00
2007-02-16,2.00,2.00,0,2.00,2.00
2007-02-15,2.05,2.05,0,2.00,2.00
2007-02-14,1.94,1.94,0,1.98,1.98
2007-02-13,1.90,1.90,0,1.90,1.90
2007-02-12,1.90,1.90,0,1.90,1.90
2007-02-09,2.00,2.00,0,2.00,2.00
2007-02-08,2.14,2.14,0,2.09,2.09
2007-02-07,2.28,2.28,0,2.20,2.20
2007-02-06,2.20,2.20,0,2.20,2.20
2007-02-05,2.25,2.25,0,2.17,2.17
2007-02-02,2.20,2.20,0,2.17,2.17
2007-02-01,2.28,2.28,0,2.28,2.28
2007-01-31,2.28,2.28,0,2.28,2.28
2007-01-30,2.18,2.18,0,2.18,2.18
2007-01-26,2.16,2.16,0,2.08,2.08
2007-01-25,2.01,2.01,0,2.07,2.07
2007-01-24,1.98,1.98,0,1.98,1.98
2007-01-23,1.89,1.89,0,1.89,1.89
2007-01-22,1.80,1.80,0,1.80,1.80
2007-01-19,1.72,1.72,0,1.72,1.72
2007-01-18,1.64,1.64,0,1.64,1.64
2007-01-15,1.57,1.57,0,1.57,1.57
2007-01-12,1.50,1.50,0,1.50,1.50
2007-01-11,1.50,1.50,0,1.50,1.50
2007-01-10,1.50,1.50,0,1.50,1.50
2010-03-19,1.00,1.00,0,1.00,1.00
2010-03-18,1.01,1.01,0,1.00,1.00
2010-03-17,1.01,1.01,0,1.01,1.01
2010-03-16,1.01,1.01,0,1.01,1.01
2010-03-15,0.97,0.97,0,1.01,1.01
2010-03-12,0.93,0.93,0,0.97,0.97
2010-03-11,0.97,0.97,0,0.93,0.93
2010-03-10,0.97,0.97,0,0.97,0.97
2010-03-09,1.02,1.02,0,0.97,0.97
2010-03-08,1.07,1.07,0,1.02,1.02
2010-03-05,1.02,1.02,0,1.07,1.07
2010-03-04,0.98,0.98,0,1.02,1.02
2010-03-03,0.94,0.94,0,0.98,0.98
2010-03-02,0.86,0.86,0,0.90,0.90
2010-03-01,0.86,0.86,0,0.90,0.90
2010-02-25,0.87,0.87,0,0.86,0.86
2010-02-24,0.91,0.91,0,0.87,0.87
2010-02-23,0.95,0.95,0,0.91,0.91
2010-02-22,0.95,0.95,0,0.95,0.95
2010-02-19,1.00,1.00,0,0.95,0.95
2010-02-18,1.00,1.00,0,1.00,1.00
2010-02-17,1.05,1.05,0,1.00,1.00
2010-02-16,1.05,1.05,0,1.05,1.05
2010-02-15,1.10,1.10,0,1.05,1.05
2010-02-11,1.10,1.10,0,1.10,1.10
2010-02-11,1.10,1.10,0,1.10,1.10
2010-02-10,1.10,1.10,0,1.10,1.10
2010-02-09,1.10,1.10,0,1.10,1.10
2010-02-05,1.10,1.10,0,1.10,1.10
2010-02-04,1.10,1.10,0,1.10,1.10
2010-02-03,1.10,1.10,0,1.10,1.10
2010-02-02,1.10,1.10,0,1.10,1.10
2010-02-01,1.10,1.10,0,1.10,1.10
2010-01-29,1.10,1.10,0,1.10,1.10
2010-01-28,1.10,1.10,0,1.10,1.10
2010-01-27,1.10,1.10,0,1.10,1.10
2010-01-26,1.05,1.05,0,1.10,1.10
2010-01-25,1.00,1.00,0,1.05,1.05
2010-01-22,0.96,0.96,0,1.00,1.00
2010-01-21,0.92,0.92,0,0.96,0.96
2010-01-20,0.88,0.88,0,0.92,0.92
2010-01-19,0.84,0.84,0,0.88,0.88
2010-01-18,0.84,0.84,0,0.84,0.84
2010-01-15,0.80,0.80,0,0.84,0.84
2010-01-14,0.77,0.77,0,0.80,0.80
2010-01-13,0.74,0.74,0,0.77,0.77
2010-01-12,0.71,0.71,0,0.74,0.74
2010-01-11,0.71,0.71,0,0.71,0.71
2010-01-08,0.69,0.69,0,0.71,0.71
2010-01-07,0.70,0.70,0,0.69,0.69
2010-01-06,0.70,0.70,0,0.70,0.70
2010-01-05,0.73,0.73,0,0.70,0.70
2010-01-04,0.76,0.76,0,0.73,0.73
2009-12-31,0.76,0.76,0,0.76,0.76
2009-12-30,0.73,0.73,0,0.76,0.76
2009-12-28,0.70,0.70,0,0.67,0.67
2009-12-23,0.70,0.70,0,0.67,0.67
2009-12-22,0.73,0.73,0,0.70,0.70
2009-12-21,0.76,0.76,0,0.73,0.73
2009-12-18,0.76,0.76,0,0.76,0.76
2009-12-17,0.76,0.76,0,0.76,0.76
2009-12-16,0.75,0.75,0,0.76,0.76
2009-12-15,0.75,0.75,0,0.75,0.75
2009-12-14,0.78,0.78,0,0.75,0.75
2009-12-14,0.75,0.75,0,0.75,0.75
2009-12-11,0.78,0.78,0,0.78,0.78
2009-12-10,0.78,0.78,0,0.78,0.78
2009-12-09,0.78,0.78,0,0.78,0.78
2009-12-08,0.78,0.78,0,0.78,0.78
2009-12-07,0.78,0.78,0,0.78,0.78
2009-12-04,0.78,0.78,0,0.78,0.78
2009-12-03,0.78,0.78,0,0.78,0.78
2009-12-02,0.78,0.78,0,0.78,0.78
2009-12-01,0.82,0.82,0,0.78,0.78
2009-11-30,0.86,0.86,0,0.82,0.82
2009-11-25,0.90,0.90,0,0.86,0.86
2009-11-24,0.90,0.90,0,0.90,0.90
2009-11-23,0.90,0.90,0,0.90,0.90
2009-11-20,0.90,0.90,0,0.90,0.90
2009-11-19,0.90,0.90,0,0.90,0.90
2009-11-18,0.94,0.94,0,0.90,0.90
2009-11-17,0.94,0.94,0,0.94,0.94
2009-11-16,0.94,0.94,0,0.94,0.94
2009-11-13,0.96,0.96,0,0.94,0.94
2009-11-12,0.96,0.96,0,0.96,0.96
2009-11-11,0.93,0.93,0,0.96,0.96
2009-11-10,0.89,0.89,0,0.93,0.93
2009-11-09,0.85,0.85,0,0.89,0.89
2009-11-06,0.81,0.81,0,0.85,0.85
2009-11-05,0.78,0.78,0,0.81,0.81
2009-11-04,0.81,0.81,0,0.78,0.78
2009-11-03,0.85,0.85,0,0.81,0.81
2009-11-02,0.89,0.89,0,0.85,0.85
2009-10-30,0.85,0.85,0,0.89,0.89
2009-10-29,0.87,0.87,0,0.85,0.85
2009-10-28,0.91,0.91,0,0.87,0.87
2009-10-27,0.91,0.91,0,0.91,0.91
2009-10-26,0.90,0.90,0,0.90,0.90
2009-10-23,0.99,0.99,0,0.95,0.95
2009-10-22,0.99,0.99,0,0.99,0.99
2009-10-21,0.99,0.99,0,0.99,0.99
2009-10-20,1.04,1.04,0,0.99,0.99
2009-10-16,1.09,1.09,0,1.04,1.04
2009-10-15,1.09,1.09,0,1.09,1.09
2009-10-14,1.09,1.09,0,1.09,1.09
2009-10-13,1.12,1.12,0,1.09,1.09
2009-10-12,1.07,1.07,0,1.12,1.12
2009-10-09,1.07,1.07,0,1.07,1.07
2009-10-08,1.02,1.02,0,1.07,1.07
2009-10-07,1.02,1.02,0,1.02,1.02
2009-10-06,0.98,0.98,0,1.02,1.02
2009-10-05,0.94,0.94,0,0.98,0.98
2009-10-02,0.90,0.90,0,0.94,0.94
2009-09-30,0.90,0.90,0,0.90,0.90
2009-09-29,0.90,0.90,0,0.90,0.90
2009-09-28,0.90,0.90,0,0.90,0.90
2009-09-25,0.90,0.90,0,0.90,0.90
2009-09-24,0.90,0.90,0,0.90,0.90
2009-09-23,0.86,0.86,0,0.90,0.90
2009-09-18,0.86,0.86,0,0.86,0.86
2009-09-17,0.86,0.86,0,0.86,0.86
2009-09-16,0.90,0.90,0,0.86,0.86
2009-09-15,0.90,0.90,0,0.90,0.90
2009-09-14,0.86,0.86,0,0.90,0.90
2009-09-11,0.90,0.90,0,0.86,0.86
2009-09-10,0.86,0.86,0,0.90,0.90
2009-09-09,0.90,0.90,0,0.86,0.86
2009-09-08,0.90,0.90,0,0.90,0.90
2009-09-07,0.90,0.90,0,0.90,0.90
2009-09-04,0.86,0.86,0,0.90,0.90
2009-09-03,0.82,0.82,0,0.86,0.86
2009-09-02,0.85,0.85,0,0.82,0.82
2009-09-01,0.86,0.86,0,0.85,0.85
2009-08-31,0.90,0.90,0,0.86,0.86
2009-08-28,0.94,0.94,0,0.90,0.90
2009-08-27,0.98,0.98,0,0.94,0.94
2009-08-26,0.94,0.94,0,0.98,0.98
2009-08-25,0.90,0.90,0,0.94,0.94
2009-08-24,0.87,0.87,0,0.90,0.90
2009-08-21,0.91,0.91,0,0.87,0.87
2009-08-20,0.95,0.95,0,0.91,0.91
2009-08-19,0.95,0.95,0,0.95,0.95
2009-08-18,0.99,0.99,0,0.95,0.95
2009-08-14,1.09,1.09,0,1.04,1.04
2009-08-13,1.05,1.05,0,1.09,1.09
2009-08-12,1.00,1.00,0,1.05,1.05
2009-08-11,0.98,0.98,0,1.00,1.00
2009-08-10,0.94,0.94,0,0.98,0.98
2009-06-25,1.50,1.50,0,1.43,1.43
2009-06-17,1.82,1.82,0,1.82,1.82
2009-06-16,1.82,1.82,0,1.82,1.82
2009-06-15,1.74,1.74,0,1.74,1.74
2009-06-12,1.74,1.74,0,1.74,1.74
2009-06-11,1.74,1.74,0,1.74,1.74
2009-06-10,1.86,1.86,0,1.83,1.83
2009-06-09,1.92,1.92,0,1.92,1.92
2009-06-08,1.93,1.93,0,2.02,2.02
2009-06-05,1.96,1.96,0,1.94,1.94
2009-06-05,2.01,2.01,0,1.94,1.94
2009-06-04,2.02,2.02,0,2.01,2.01
2009-06-03,2.10,2.10,0,2.10,2.10
2009-06-01,1.91,1.91,0,1.91,1.91
2009-05-28,1.82,1.82,0,1.82,1.82
2009-05-27,1.74,1.74,0,1.74,1.74
2009-05-26,1.66,1.66,0,1.66,1.66
2009-05-25,1.55,1.55,0,1.59,1.59
2009-05-22,1.51,1.51,0,1.52,1.52
2009-05-21,1.45,1.45,0,1.45,1.45
2009-05-20,1.39,1.39,0,1.39,1.39
2009-05-19,1.30,1.30,0,1.33,1.33
2009-05-18,1.26,1.26,0,1.26,1.26
2009-05-15,1.34,1.34,0,1.32,1.32
2009-05-14,1.37,1.37,0,1.38,1.38
2009-05-13,1.32,1.32,0,1.32,1.32
2009-05-12,1.26,1.26,0,1.26,1.26
2009-05-11,1.20,1.20,0,1.20,1.20
2009-05-08,1.15,1.15,0,1.15,1.15
2009-05-07,1.08,1.08,0,1.10,1.10
2010-03-24,1.00,1.00,0,1.05,1.05
2010-05-10,1.00,1.05,750250,1.10,1.10
2010-05-05,1.05,1.10,409894,1.05,1.10
2010-05-07,1.05,1.05,195100,1.05,1.05
2010-05-11,1.10,1.10,125678,1.10,1.10
2010-11-29,0.63,0.66,200000,0.65,0.65
2010-11-23,0.69,0.66,1020500,0.69,0.69
2010-11-24,0.72,0.69,4629587,0.72,0.72
2010-11-25,0.69,0.72,467000,0.69,0.71
2010-11-26,0.66,0.69,855100,0.66,0.69
2010-11-30,0.62,0.65,115051,0.62,0.62
2010-04-06,0.99,0.99,0,1.03,1.03
2010-04-07,1.03,1.03,0,1.08,1.08
2010-04-08,1.08,1.08,0,1.13,1.13
2010-04-09,1.13,1.13,0,1.18,1.18
2010-05-12,1.10,1.10,25000,1.10,1.10
2010-05-14,1.00,1.05,253000,1.00,1.00
2010-05-13,1.05,1.10,239848,1.05,1.05
2010-05-17,1.00,1.00,39200,1.00,1.00
2010-05-18,0.95,1.00,189000,0.95,0.95
2010-06-03,0.92,0.88,262677,0.92,0.92
2010-05-19,0.95,0.95,50800,0.95,0.95
2010-05-25,0.87,0.91,653900,0.87,0.95
2010-05-24,0.90,0.90,318673,0.91,0.91
2010-05-20,0.91,0.91,674052,0.91,0.91
2010-05-21,0.87,0.87,1432144,0.87,0.87
2010-07-01,0.85,0.85,114800,0.85,0.85
2010-07-02,0.85,0.85,61130,0.85,0.85
2010-07-05,0.81,0.85,127450,0.81,0.81
2010-07-09,0.74,0.77,251669,0.74,0.74
2010-07-06,0.81,0.81,121055,0.81,0.81
2010-07-07,0.81,0.81,182320,0.81,0.81
2010-09-24,0.50,0.50,825850,0.50,0.50
2010-09-27,0.50,0.50,199500,0.50,0.50
2010-09-23,0.50,0.50,902418,0.50,0.50
2010-09-23,0.50,0.50,902418,0.50,0.50
2010-09-30,0.50,0.50,83706,0.50,0.50
2010-07-19,0.71,0.74,211200,0.71,0.71
2010-07-16,0.74,0.74,15000,0.74,0.74
2010-07-20,0.71,0.71,172429,0.71,0.71
2010-07-26,0.65,0.68,152500,0.65,0.65
2010-07-21,0.71,0.71,10000,0.71,0.71
2010-10-19,0.51,0.51,110100,0.51,0.51
2010-10-20,0.53,0.51,418454,0.53,0.53
2010-10-25,0.55,0.55,190746,0.55,0.57
2010-10-22,0.53,0.55,130194883,0.55,0.56
2010-10-27,0.53,0.55,166547,0.53,0.53
2010-10-28,0.53,0.53,13500,0.53,0.53
2010-10-26,0.55,0.55,30112,0.55,0.55
2010-10-29,0.51,0.53,360100,0.51,0.51
2010-11-01,0.51,0.51,540000,0.52,0.52
2010-11-02,0.50,0.52,1605123,0.50,0.53
2010-11-03,0.50,0.50,597237,0.50,0.50
2010-12-08,0.59,0.59,10400,0.59,0.59
2010-12-10,0.55,0.57,125000,0.55,0.55
2010-12-09,0.57,0.59,70000,0.57,0.57
2010-12-13,0.53,0.55,90750,0.53,0.53
2010-12-16,0.51,0.53,640170,0.51,0.51
2010-12-14,0.53,0.53,43720,0.53,0.53
2010-12-15,0.53,0.53,200,0.53,0.53
2010-12-17,0.51,0.51,365410,0.53,0.53
2010-12-20,0.53,0.53,65000,0.53,0.53
2010-12-21,0.52,0.53,320000,0.53,0.53
2010-12-22,0.51,0.53,87450,0.51,0.51
2011-01-12,0.61,0.59,81700,0.61,0.61
2011-01-14,0.64,0.64,8000,0.64,0.64
2011-01-13,0.64,0.61,171000,0.64,0.64
2011-01-19,0.62,0.62,220188,0.62,0.62
2011-01-17,0.64,0.64,45000,0.64,0.64
2011-01-18,0.62,0.64,1233200,0.62,0.67
2011-02-04,0.68,0.70,852000,0.70,0.70
2011-02-07,0.72,0.70,736500,0.73,0.73
2011-02-09,0.73,0.76,127178,0.73,0.73
2011-02-08,0.73,0.73,391480,0.76,0.76
2011-02-10,0.70,0.73,171605,0.70,0.70
2010-09-07,0.57,0.57,170890,0.57,0.57
2010-09-08,0.57,0.57,96610,0.57,0.57
2010-09-13,0.55,0.57,175000,0.55,0.55
2010-09-14,0.53,0.55,101000,0.53,0.53
2010-09-16,0.51,0.51,108000,0.51,0.51
2010-09-15,0.51,0.53,214161,0.51,0.51
2010-03-31,1.04,1.04,0,0.99,0.99
2010-03-29,1.04,1.04,0,1.09,1.09
2010-03-30,1.09,1.09,0,1.04,1.04
2010-04-01,0.99,0.99,0,0.99,0.99
2010-04-21,1.00,1.05,1642700,1.05,1.05
2010-04-19,1.04,1.07,591974,1.10,1.10
2010-04-20,1.05,1.10,742847,1.05,1.05
2010-04-22,1.10,1.05,301265,1.10,1.10
2010-04-23,1.10,1.10,482640,1.10,1.10
2010-08-18,0.55,0.55,686866,0.55,0.57
2010-04-26,1.05,1.10,334770,1.05,1.12
2010-04-28,1.00,1.00,56500,1.00,1.00
2010-04-27,1.00,1.00,696506,1.00,1.00
2010-04-30,1.05,1.05,501000,1.05,1.05
2010-04-29,0.95,1.00,430000,1.05,1.05
2010-05-04,1.10,1.05,189890,1.10,1.10
2010-06-22,0.76,0.73,193656,0.76,0.76
2010-06-21,0.68,0.70,342900,0.73,0.73
2010-06-23,0.78,0.76,567300,0.78,0.79
2010-10-04,0.50,0.50,550000,0.50,0.50
2010-10-05,0.50,0.50,302441,0.50,0.50
2010-10-06,0.50,0.50,128500,0.50,0.50
2010-10-08,0.50,0.50,508200,0.50,0.50
2010-10-13,0.51,0.52,294930,0.51,0.52
2010-10-11,0.50,0.50,750719,0.50,0.50
2010-11-04,0.50,0.50,234201,0.52,0.52
2010-11-05,0.50,0.52,1207278,0.50,0.52
2010-11-08,0.50,0.50,30200,0.50,0.50
2010-11-12,0.56,0.54,418965,0.56,0.56
2010-11-09,0.50,0.50,403900,0.52,0.52
2010-11-10,0.53,0.52,257000,0.54,0.54
2010-11-11,0.54,0.54,135200,0.54,0.54
2010-06-10,0.91,0.95,181362,0.91,0.91
2010-06-16,0.76,0.79,364750,0.76,0.76
2010-06-14,0.83,0.87,539250,0.83,0.83
2010-06-15,0.79,0.83,383100,0.79,0.79
2010-12-23,0.53,0.51,2432483,0.53,0.53
2010-12-29,0.53,0.53,60200,0.53,0.53
2011-01-04,0.55,0.53,955132,0.55,0.55
2010-12-31,0.53,0.53,49100,0.53,0.53
2010-07-22,0.68,0.71,331046,0.68,0.68
2010-07-23,0.68,0.68,12500,0.68,0.68
2010-07-27,0.65,0.65,291884,0.65,0.65
2010-07-29,0.67,0.65,90750,0.67,0.67
2010-07-28,0.65,0.65,270923,0.65,0.65
2010-08-17,0.54,0.53,1388656,0.55,0.55
2010-08-24,0.50,0.50,632000,0.50,0.50
2010-08-19,0.53,0.55,1959270,0.53,0.56
2010-08-20,0.51,0.53,849052,0.51,0.51
2010-06-02,0.88,0.92,453985,0.88,0.92
2010-06-04,0.96,0.92,262226,0.96,0.96
2010-06-07,0.96,0.96,461711,0.99,0.99
2010-06-09,0.95,0.95,153200,0.95,0.95
2010-06-11,0.87,0.91,195604,0.87,0.87
2010-11-18,0.60,0.58,400000,0.60,0.60
2010-11-15,0.58,0.56,138395,0.58,0.58
2010-11-19,0.63,0.60,102500,0.63,0.63
2010-11-22,0.66,0.63,1580700,0.66,0.66
2010-04-12,1.18,1.18,140480,1.18,1.18
2010-04-13,1.23,1.18,2151590,1.23,1.23
2010-04-15,1.12,1.17,79900,1.12,1.12
2010-04-14,1.17,1.23,358103,1.17,1.18
2010-04-16,1.07,1.12,3661146,1.07,1.07
2010-08-23,0.50,0.51,1304500,0.50,0.50
2010-08-25,0.50,0.50,844635,0.50,0.50
2010-08-26,0.51,0.50,531647,0.52,0.52
2010-08-31,0.56,0.54,396937,0.56,0.56
2010-08-27,0.54,0.52,730000,0.54,0.54
2011-01-06,0.55,0.55,20227,0.55,0.55
2011-01-05,0.55,0.55,73000,0.55,0.55
2011-01-10,0.57,0.57,60000,0.57,0.57
2011-01-07,0.57,0.55,137300,0.57,0.57
2011-01-11,0.59,0.57,362894,0.59,0.59
2010-05-28,0.88,0.85,622708,0.88,0.89
2010-05-26,0.85,0.87,342541,0.85,0.87
2010-05-27,0.85,0.85,55711,0.85,0.85
2010-06-08,0.95,0.99,757600,0.95,0.96
2010-06-01,0.88,0.88,646032,0.92,0.92
2010-06-17,0.73,0.76,436700,0.73,0.76
2010-06-18,0.70,0.73,589000,0.70,0.70
2010-07-08,0.77,0.81,259793,0.77,0.77
2010-07-13,0.74,0.74,142550,0.74,0.74
2010-07-12,0.74,0.74,12600,0.74,0.74
2010-07-15,0.74,0.74,77703,0.74,0.74
2010-07-14,0.74,0.74,7000,0.74,0.74
2010-08-30,0.54,0.54,168200,0.54,0.54
2010-09-01,0.53,0.53,239492,0.53,0.53
2010-09-06,0.57,0.57,599325,0.57,0.58
2010-09-02,0.54,0.53,362000,0.55,0.55
2010-09-03,0.56,0.55,626178,0.57,0.57
2011-01-20,0.62,0.62,90000,0.62,0.62
2011-01-21,0.62,0.62,388481,0.65,0.65
2011-01-24,0.68,0.65,367000,0.68,0.68
2011-01-26,0.74,0.71,276000,0.74,0.74
2011-01-25,0.71,0.68,85800,0.71,0.71
2011-01-31,0.76,0.80,1553000,0.76,0.79
2010-07-30,0.67,0.67,257650,0.67,0.67
2010-08-03,0.64,0.67,119400,0.64,0.64
2010-08-02,0.67,0.67,27900,0.67,0.67
2010-08-09,0.57,0.60,182500,0.57,0.57
2010-08-04,0.61,0.64,616900,0.61,0.64
2010-10-12,0.52,0.50,431500,0.52,0.52
2010-10-14,0.52,0.51,538419,0.52,0.53
2010-10-15,0.52,0.52,81000,0.52,0.52
2010-10-18,0.51,0.52,679800,0.51,0.53
2010-10-21,0.51,0.53,909800,0.55,0.55
2010-08-05,0.60,0.64,55000,0.60,0.60
2010-08-11,0.55,0.57,252300,0.55,0.55
2010-08-06,0.60,0.60,85710,0.60,0.60
2010-08-12,0.53,0.55,437964,0.53,0.53
2010-08-16,0.51,0.51,588921,0.53,0.53
2010-08-13,0.51,0.53,1717300,0.51,0.53
2010-06-24,0.78,0.78,404700,0.81,0.81
2010-06-28,0.81,0.85,347681,0.81,0.81
2010-06-25,0.81,0.81,810001,0.85,0.85
2010-06-29,0.85,0.81,373694,0.85,0.85
2010-06-30,0.85,0.81,373694,0.85,0.85
2011-01-27,0.77,0.74,443100,0.77,0.77
2011-02-02,0.70,0.73,994008,0.70,0.70
2011-01-28,0.74,0.77,1281692,0.80,0.80
2011-02-01,0.73,0.76,1125000,0.73,0.73
2011-02-03,0.69,0.70,968541,0.70,0.70
2010-12-01,0.62,0.62,21450,0.62,0.62
2010-12-03,0.59,0.59,15000,0.59,0.59
2010-12-02,0.59,0.62,254499,0.59,0.61
2010-12-06,0.59,0.59,300,0.59,0.59
2010-03-22,1.00,1.00,0,0.96,0.96
2010-09-20,0.50,0.51,479480,0.50,0.50
2010-09-17,0.51,0.51,69091,0.51,0.51
2010-09-21,0.50,0.50,515660,0.50,0.50
2010-09-23,0.50,0.50,902418,0.50,0.50
2010-09-22,0.50,0.50,142140,0.50,0.50
2011-02-11,0.73,0.70,228354,0.73,0.73
2011-02-14,0.72,0.73,330444,0.75,0.75
2011-02-16,0.72,0.75,325000,0.72,0.72
2011-02-17,0.72,0.72,21600,0.72,0.72
2011-02-18,0.69,0.72,881300,0.69,0.69
2011-02-21,0.69,0.69,81000,0.69,0.69
2011-02-22,0.67,0.69,1397950,0.67,0.68
2011-02-23,0.67,0.67,70240,0.67,0.67
2011-02-25,0.67,0.67,38500,0.67,0.67
2011-02-24,0.67,0.67,24400,0.67,0.67
2011-02-28,0.65,0.67,280800,0.65,0.65
2011-03-01,0.68,0.65,145500,0.68,0.68
2011-03-02,0.68,0.68,116535,0.68,0.68
2011-03-03,0.65,0.68,257413,0.65,0.65
2011-03-04,0.62,0.65,364227,0.62,0.62
2011-03-07,0.65,0.62,230000,0.65,0.65
2011-03-08,0.64,0.65,236950,0.64,0.64
2011-03-09,0.64,0.64,87170,0.64,0.64
2011-03-10,0.61,0.64,193192,0.61,0.61
2011-03-11,0.62,0.61,381500,0.62,0.62
2011-03-14,0.62,0.62,33500,0.62,0.62
2011-03-15,0.62,0.62,36318,0.62,0.62
2011-03-16,0.61,0.62,228000,0.61,0.62
2011-03-17,0.61,0.61,3730,0.61,0.61
2011-03-18,0.61,0.61,32000,0.61,0.61
2011-03-21,0.61,0.61,92270,0.61,0.61
2011-03-22,0.60,0.61,275500,0.60,0.60
2011-03-23,0.63,0.60,136000,0.63,0.63
2011-03-24,0.60,0.63,283469,0.60,0.60
2011-03-25,0.60,0.60,40000,0.60,0.60
2011-03-28,0.63,0.60,689932,0.63,0.63
2011-03-29,0.64,0.63,200667,0.64,0.65
2011-04-01,0.61,0.64,264000,0.61,0.61
2011-04-04,0.61,0.61,169500,0.61,0.61
2011-04-05,0.58,0.61,302000,0.58,0.58
2011-04-06,0.58,0.58,74089,0.58,0.58
2011-04-07,0.56,0.58,640100,0.56,0.58
2011-04-08,0.54,0.56,363800,0.54,0.54
2011-04-11,0.54,0.54,75000,0.54,0.54
2011-04-12,0.54,0.54,118500,0.54,0.54
2011-04-13,0.56,0.54,50000,0.56,0.56
2011-04-14,0.57,0.56,199700,0.58,0.58
2011-04-15,0.58,0.58,134283,0.58,0.58
2011-04-18,0.60,0.58,84800,0.60,0.60
2011-04-19,0.60,0.60,113965,0.60,0.60
2011-04-20,0.59,0.60,122766,0.59,0.59
2011-04-21,0.57,0.59,455000,0.58,0.58
2011-04-27,0.58,0.58,22000,0.58,0.58
2011-04-29,0.58,0.58,70100,0.58,0.58
2011-05-03,0.58,0.58,34000,0.58,0.58
2011-05-04,0.56,0.58,75000,0.56,0.56
2011-05-05,0.56,0.56,378408,0.56,0.56
2011-05-06,0.56,0.56,513650,0.57,0.57
2011-05-09,0.57,0.57,229472,0.57,0.57
2011-05-10,0.57,0.57,463120,0.57,0.57
2011-05-11,0.58,0.57,74000,0.58,0.58
2011-05-12,0.58,0.58,5600,0.58,0.58
2011-05-13,0.58,0.58,643036,0.58,0.58
2011-05-16,0.60,0.58,98750,0.60,0.60
2011-05-17,0.60,0.60,107000,0.60,0.60
2011-05-18,0.63,0.60,164000,0.63,0.63
2011-05-19,0.66,0.63,509590,0.66,0.66
2011-05-20,0.69,0.66,85000,0.69,0.69
2011-05-23,0.72,0.69,399900,0.72,0.72
2011-05-24,0.75,0.72,770500,0.75,0.75
2011-05-25,0.73,0.75,2695500,0.73,0.78
2011-05-26,0.70,0.73,1077870,0.70,0.75
2011-05-27,0.70,0.70,336325,0.70,0.70
2011-05-31,0.70,0.70,45000,0.70,0.70
2011-06-02,0.70,0.70,5000,0.70,0.70
2011-06-03,0.67,0.70,53500,0.67,0.67
2011-06-06,0.67,0.67,69000,0.67,0.67
2011-06-07,0.64,0.67,50000,0.64,0.64
2011-06-08,0.63,0.64,195000,0.63,0.63
2011-06-09,0.63,0.63,36635,0.63,0.63
2011-06-10,0.60,0.63,204492,0.60,0.60
2011-06-13,0.60,0.60,51266,0.60,0.60
2011-06-14,0.60,0.60,57907,0.60,0.60
2011-06-15,0.60,0.60,55573,0.60,0.60
2011-06-16,0.60,0.60,14200,0.60,0.60
2011-06-17,0.57,0.60,95000,0.57,0.57
2011-06-20,0.55,0.57,60000,0.55,0.55
2011-06-21,0.53,0.55,260000,0.53,0.53
2011-06-22,0.51,0.53,342600,0.51,0.51
2011-06-23,0.50,0.51,1727660,0.53,0.53
2011-06-24,0.51,0.53,493923,0.55,0.55
2011-06-27,0.55,0.55,1128982,0.57,0.57
2011-06-28,0.57,0.57,36000,0.57,0.57
2011-06-29,0.57,0.57,49000,0.57,0.57
2011-07-04,0.57,0.57,1000,0.57,0.57
2011-07-05,0.57,0.57,1300,0.57,0.57
2011-07-06,0.57,0.57,9000,0.57,0.57
2011-07-12,0.57,0.57,1000,0.57,0.57
2011-07-13,0.57,0.57,23500,0.57,0.57
2011-07-19,0.57,0.57,5000,0.57,0.57
2011-07-21,0.57,0.57,400,0.57,0.57
2011-07-25,0.55,0.57,100100,0.55,0.55
2011-07-26,0.55,0.55,1323,0.55,0.55
2011-07-27,0.53,0.55,181652,0.53,0.53
2011-08-01,0.51,0.51,222200,0.51,0.51
2011-08-02,0.50,0.51,346470,0.50,0.50
2011-08-03,0.50,0.50,785000,0.50,0.50
2011-08-04,0.50,0.50,48000,0.50,0.50
2011-08-05,0.50,0.50,48300,0.50,0.50
2011-08-08,0.50,0.50,13000,0.50,0.50
2011-08-09,0.50,0.50,100,0.50,0.50
2011-08-10,0.50,0.50,38460,0.50,0.50
2011-08-11,0.50,0.50,66000,0.50,0.50
2011-08-12,0.50,0.50,4700,0.50,0.50
2011-08-16,0.50,0.50,30300,0.50,0.50
2011-08-17,0.50,0.50,547039,0.50,0.50
2011-08-18,0.50,0.50,518500,0.50,0.50
2011-08-19,0.50,0.50,490000,0.50,0.50
2011-08-22,0.50,0.50,576000,0.50,0.50
2011-08-24,0.50,0.50,80000,0.50,0.50
2011-08-29,0.50,0.50,50000,0.50,0.50
2011-09-02,0.50,0.50,1782150,0.50,0.50
2011-09-05,0.50,0.50,10000,0.50,0.50
2011-09-07,0.50,0.50,2000,0.50,0.50
2011-09-09,0.50,0.50,465,0.50,0.50
2011-09-15,0.50,0.50,1325896,0.50,0.50
2011-09-16,0.50,0.50,303430,0.50,0.50
2011-09-19,0.50,0.50,336000,0.50,0.50
2011-09-20,0.50,0.50,3769341,0.50,0.50
2011-09-21,0.50,0.50,79782,0.50,0.50
2011-09-22,0.50,0.50,223000,0.50,0.50
2011-09-23,0.50,0.50,766073,0.52,0.52
2011-09-26,0.52,0.52,1669,0.52,0.52
2011-09-27,0.51,0.52,197256,0.52,0.52
2011-09-28,0.52,0.52,1397427,0.54,0.54
2011-09-30,0.54,0.54,48000,0.54,0.54
2011-10-04,0.52,0.54,200000,0.52,0.52
2011-10-05,0.50,0.52,338700,0.50,0.50
2011-10-06,0.50,0.50,2206181,0.50,0.50
2011-10-07,0.50,0.50,63800,0.50,0.50
2011-10-10,0.50,0.50,13000,0.50,0.50
2011-10-11,0.50,0.50,116490,0.50,0.50
2011-10-13,0.50,0.50,4500,0.50,0.50
2011-10-14,0.50,0.50,70871,0.50,0.50
2011-10-17,0.50,0.50,38940,0.50,0.50
2011-10-18,0.50,0.50,207145,0.50,0.50
2011-10-19,0.50,0.50,250000,0.52,0.52
2011-10-20,0.51,0.52,391021,0.51,0.51
2011-10-24,0.51,0.51,57000,0.51,0.51
2011-10-25,0.51,0.51,23773,0.51,0.51
2011-10-26,0.51,0.51,16500,0.51,0.51
2011-10-27,0.50,0.51,130000,0.50,0.50
2011-10-28,0.50,0.50,59000,0.50,0.50
2011-11-01,0.50,0.50,50500,0.50,0.50
2011-11-02,0.50,0.50,54300,0.50,0.50
2011-11-03,0.51,0.50,93600,0.51,0.51
2011-11-04,0.51,0.51,447135,0.52,0.52
2011-11-10,0.52,0.52,67642,0.52,0.52
2011-11-11,0.54,0.52,111000,0.54,0.54
2011-11-14,0.56,0.54,75000,0.56,0.56
2011-11-15,0.58,0.56,320000,0.58,0.58
2011-11-16,0.56,0.58,349965,0.56,0.58
2011-11-17,0.56,0.56,14000,0.56,0.56
2011-11-18,0.56,0.56,25500,0.56,0.56
2011-11-21,0.56,0.56,5500,0.56,0.56
2011-11-22,0.56,0.56,2000,0.56,0.56
2011-11-24,0.54,0.56,268000,0.54,0.54
2011-11-25,0.52,0.54,228950,0.52,0.52
2011-11-29,0.50,0.52,107835,0.50,0.50
2011-11-30,0.50,0.50,200000,0.50,0.50
2011-12-01,0.50,0.50,759833,0.50,0.50
2011-12-02,0.50,0.50,472882,0.50,0.50
2011-12-05,0.50,0.50,10100,0.50,0.50
2011-12-07,0.50,0.50,236300,0.50,0.50
2011-12-12,0.50,0.50,13000,0.50,0.50
2011-12-13,0.50,0.50,12500,0.50,0.50
2011-12-14,0.50,0.50,10000,0.50,0.50
2011-12-16,0.50,0.50,1127521,0.50,0.50
2011-12-19,0.50,0.50,12000,0.50,0.50
2011-12-20,0.50,0.50,251000,0.50,0.50
2011-12-21,0.50,0.50,58145,0.50,0.50
2011-12-22,0.51,0.50,100544,0.51,0.51
2011-12-23,0.50,0.51,1177087,0.50,0.51
2011-12-30,0.50,0.50,114228,0.50,0.50
2012-01-03,0.50,0.50,100000,0.50,0.50
2012-01-05,0.50,0.50,5000,0.50,0.50
2012-01-06,0.50,0.50,150000,0.50,0.50
2012-01-17,0.50,0.50,5000,0.50,0.50
2012-01-18,0.50,0.50,93947,0.50,0.50
2012-01-19,0.50,0.50,556000,0.50,0.50
2012-01-23,0.50,0.50,255000,0.50,0.50
2012-01-24,0.50,0.50,14000,0.50,0.50
2012-01-25,0.50,0.50,24490,0.50,0.50
2012-01-26,0.50,0.50,50000,0.50,0.50
2012-01-27,0.50,0.50,128500,0.50,0.50
2012-01-30,0.50,0.50,5000,0.50,0.50
2012-01-31,0.52,0.50,125000,0.52,0.52
2012-02-01,0.52,0.52,70000,0.52,0.52
2012-02-02,0.50,0.52,1053063,0.50,0.52
2012-02-03,0.50,0.50,30404,0.50,0.50
2012-02-07,0.50,0.50,640000,0.50,0.50
2012-02-08,0.50,0.50,295020,0.50,0.50
2012-02-09,0.50,0.50,250512,0.50,0.50
2012-02-10,0.50,0.50,1802547,0.50,0.52
2012-02-13,0.50,0.50,2000,0.50,0.50
2012-02-14,0.50,0.50,297000,0.52,0.52
2012-02-15,0.50,0.52,288180,0.50,0.50
2012-02-16,0.50,0.50,70773,0.50,0.50
2012-02-17,0.50,0.50,5000,0.50,0.50
2012-02-20,0.50,0.50,40002,0.50,0.50
2012-02-21,0.50,0.50,4800,0.50,0.50
2012-02-22,0.50,0.50,717668,0.50,0.50
2012-02-23,0.50,0.50,107000,0.50,0.50
2012-02-27,0.50,0.50,68952,0.50,0.50
2012-02-28,0.50,0.50,1160227,0.50,0.50
2012-03-01,0.50,0.50,36727,0.50,0.50
2012-03-05,0.50,0.50,20000,0.50,0.50
2012-03-07,0.50,0.50,22000,0.50,0.50
2012-03-19,0.50,0.50,163500,0.50,0.50
2012-03-20,0.50,0.50,132000,0.50,0.50
2012-03-22,0.50,0.50,10000,0.50,0.50
2012-03-23,0.50,0.50,242630,0.50,0.50
2012-03-29,0.50,0.50,791006,0.50,0.50
2012-03-30,0.50,0.50,12259,0.50,0.50
2012-04-05,0.50,0.50,318900,0.50,0.50
2012-04-10,0.50,0.50,78010,0.50,0.50
2012-04-11,0.50,0.50,20615,0.50,0.50
2012-04-16,0.50,0.50,397865,0.50,0.50
2012-04-17,0.50,0.50,2000,0.50,0.50
2012-04-25,0.50,0.50,677000,0.50,0.50
2012-04-30,0.50,0.50,1245000,0.50,0.50
2012-05-02,0.50,0.50,31000,0.50,0.50
2012-05-03,0.50,0.50,69000,0.50,0.50
2012-05-04,0.50,0.50,2680142,0.50,0.50
2012-05-07,0.50,0.50,200,0.50,0.50
2012-05-10,0.50,0.50,273212,0.50,0.50
2012-05-11,0.50,0.50,2000,0.50,0.50
2012-05-15,0.50,0.50,1000,0.50,0.50
2012-05-22,0.50,0.50,2000,0.50,0.50
2012-05-24,0.50,0.50,1000,0.50,0.50
2012-05-25,0.50,0.50,1000,0.50,0.50
2012-05-31,0.50,0.50,72800,0.50,0.50
2012-06-06,0.50,0.50,2500,0.50,0.50
2012-06-20,0.50,0.50,2512,0.50,0.50
2012-06-26,0.50,0.50,800000,0.50,0.50
2012-06-27,0.50,0.50,39000,0.50,0.50
2012-07-02,0.50,0.50,355000,0.50,0.50
2012-07-03,0.50,0.50,551900,0.50,0.50
2012-07-04,0.50,0.50,463000,0.50,0.50
2012-07-10,0.50,0.50,25000,0.50,0.50
2012-07-11,0.50,0.50,6500,0.50,0.50
2012-07-18,0.50,0.50,2000,0.50,0.50
2012-07-19,0.50,0.50,20000,0.50,0.50
2012-07-20,0.50,0.50,800,0.50,0.50
2012-07-24,0.50,0.50,4000,0.50,0.50
2012-07-25,0.50,0.50,8700,0.50,0.50
2012-08-03,0.50,0.50,1000,0.50,0.50
2012-08-08,0.50,0.50,200,0.50,0.50
2012-08-13,0.50,0.50,21500,0.50,0.50
2012-08-22,0.50,0.50,70000,0.50,0.50
2012-08-23,0.50,0.50,1000,0.50,0.50
2012-08-24,0.50,0.50,1000,0.50,0.50
2012-08-27,0.50,0.50,2000,0.50,0.50
2012-09-05,0.50,0.50,217695,0.50,0.50
2012-09-06,0.50,0.50,674298,0.50,0.50
2012-09-07,0.50,0.50,359775,0.50,0.50
2012-09-10,0.50,0.50,193900,0.50,0.50
2012-09-11,0.50,0.50,250000,0.50,0.50
2012-09-12,0.50,0.50,209100,0.50,0.50
2012-09-13,0.50,0.50,60300,0.50,0.50
2012-09-14,0.50,0.50,81000,0.50,0.50
2012-09-18,0.50,0.50,359000,0.50,0.50
2012-09-19,0.50,0.50,250000,0.50,0.50
2012-09-20,0.50,0.50,250000,0.50,0.50
2012-09-21,0.50,0.50,500000,0.50,0.50
2012-09-24,0.50,0.50,200,0.50,0.50
2012-09-26,0.50,0.50,100000,0.50,0.50
2012-09-28,0.50,0.50,173940,0.50,0.50
2012-10-02,0.50,0.50,323940,0.50,0.50
2012-10-05,0.50,0.50,81232,0.50,0.50
2012-10-08,0.50,0.50,2000,0.50,0.50
2012-10-15,0.50,0.50,6000,0.50,0.50
2012-10-22,0.50,0.50,3700,0.50,0.50
2012-10-30,0.50,0.50,1000,0.50,0.50
2012-10-31,0.50,0.50,5500,0.50,0.50
2012-11-01,0.50,0.50,24987,0.50,0.50
2012-11-02,0.50,0.50,12000,0.50,0.50
2012-11-06,0.50,0.50,115000,0.50,0.50
2012-11-07,0.50,0.50,51300,0.50,0.50
2012-11-08,0.50,0.50,19000,0.50,0.50
2012-11-12,0.50,0.50,500,0.50,0.50
2012-12-04,0.50,0.50,285475,0.50,0.50
2012-12-05,0.50,0.50,644000,0.50,0.50
2012-12-07,0.50,0.50,8300,0.50,0.50
2012-12-12,0.50,0.50,70525,0.50,0.50
2012-12-21,0.50,0.50,100000,0.50,0.50
2012-12-27,0.50,0.50,53000,0.50,0.50
2012-12-31,0.50,0.50,8310,0.50,0.50
2013-01-02,0.50,0.50,30000,0.50,0.50
2013-01-09,0.50,0.50,7500,0.50,0.50
2013-01-11,0.50,0.50,604970,0.50,0.50
2013-01-14,0.51,0.50,125000,0.51,0.51
2013-01-15,0.52,0.51,763696,0.52,0.52
2013-01-16,0.53,0.52,410431,0.54,0.54
2013-01-17,0.52,0.54,209200,0.52,0.52
2013-01-18,0.50,0.52,561347,0.50,0.53
2013-01-22,0.50,0.50,14905,0.50,0.50
2013-01-23,0.51,0.50,364735,0.51,0.51
2013-01-25,0.51,0.51,43100,0.51,0.51
2013-01-28,0.53,0.51,110500,0.53,0.53
2013-01-29,0.53,0.53,43240,0.53,0.53
2013-01-30,0.55,0.53,300000,0.55,0.55
2013-01-31,0.57,0.55,736465,0.57,0.57
2013-02-01,0.59,0.57,248500,0.59,0.59
2013-02-04,0.61,0.59,630734,0.61,0.61
2013-02-05,0.64,0.61,50000,0.64,0.64
2013-02-06,0.67,0.64,174707,0.67,0.67
2013-02-07,0.67,0.67,24700,0.67,0.67
2013-02-08,0.64,0.67,703533,0.64,0.64
2013-02-11,0.61,0.64,162500,0.61,0.61
2013-02-12,0.58,0.61,225000,0.58,0.60
2013-02-13,0.58,0.58,1387568,0.58,0.60
2013-02-14,0.58,0.58,574046,0.60,0.60
2013-02-15,0.60,0.60,336709,0.63,0.63
2013-02-18,0.60,0.63,1026200,0.60,0.60
2013-02-19,0.57,0.60,163500,0.57,0.57
2013-02-20,0.55,0.57,2470000,0.59,0.59
2013-02-21,0.59,0.59,155835,0.59,0.59
2013-02-22,0.57,0.59,275000,0.57,0.59
2013-02-25,0.57,0.57,4450,0.57,0.57
2013-02-26,0.57,0.57,24000,0.57,0.57
2013-02-28,0.55,0.57,240000,0.55,0.55
2013-03-01,0.53,0.55,220000,0.53,0.53
2013-03-04,0.51,0.53,108778,0.51,0.51
2013-03-05,0.53,0.51,264429,0.53,0.53
2013-03-06,0.55,0.53,227312,0.55,0.55
2013-03-07,0.57,0.55,98000,0.57,0.57
2013-03-08,0.59,0.57,199416,0.59,0.59
2013-03-11,0.61,0.59,476111,0.61,0.61
2013-03-12,0.59,0.61,529570,0.61,0.61
2013-03-13,0.61,0.61,85500,0.61,0.61
2013-03-14,0.67,0.61,230325,0.67,0.67
2013-03-15,0.66,0.67,1276243,0.66,0.70
2013-03-18,0.65,0.66,561783,0.65,0.65
2013-03-19,0.65,0.65,114964,0.65,0.65
2013-03-20,0.59,0.65,817300,0.59,0.61
2013-03-21,0.59,0.59,38801,0.59,0.59
2013-03-22,0.55,0.59,213199,0.55,0.64
2013-03-25,0.55,0.55,216501,0.60,0.60
2013-03-27,0.61,0.61,68350,0.61,0.61
2013-03-28,0.61,0.61,217600,0.61,0.61
2013-04-02,0.67,0.61,347574,0.67,0.67
2013-04-03,0.68,0.67,974000,0.73,0.73
2013-04-04,0.80,0.73,1751218,0.80,0.80
2013-04-05,0.81,0.80,1680002,0.88,0.88
2013-04-08,0.92,0.88,2052456,0.95,0.96
2013-04-09,0.86,0.95,330000,0.86,0.86
2013-04-10,0.86,0.86,46000,0.86,0.86
2013-04-12,0.71,0.78,250815,0.71,0.71
2013-04-15,0.64,0.71,356000,0.64,0.64
2013-04-11,0.78,0.86,325000,0.78,0.78
2013-04-16,0.58,0.64,849500,0.69,0.70
2013-04-18,0.59,0.63,208716,0.59,0.59
2013-04-17,0.63,0.69,568423,0.63,0.65
2013-04-22,0.63,0.60,404400,0.63,0.63
2013-04-19,0.60,0.59,266714,0.60,0.60
2013-04-23,0.61,0.63,1152445,0.61,0.61
2013-04-24,0.67,0.61,372500,0.67,0.67
2013-04-25,0.67,0.67,115000,0.67,0.67
2013-04-26,0.67,0.67,77999,0.67,0.67
2013-04-29,0.67,0.67,513488,0.67,0.67
2013-04-30,0.67,0.67,277710,0.67,0.67
2013-05-02,0.73,0.67,306345,0.73,0.73
2013-05-03,0.80,0.73,1300886,0.80,0.80
2013-05-06,0.88,0.80,654000,0.88,0.88
2013-05-07,0.96,0.88,1003701,0.96,0.96
2013-05-08,1.05,0.96,2098663,1.05,1.05
2013-05-09,1.09,1.05,4840000,1.11,1.15
2013-05-10,1.00,1.11,2943933,1.05,1.12
2013-05-13,0.96,1.05,1435032,0.99,1.05
2013-05-15,0.97,1.05,1136700,0.97,1.05
2013-05-14,0.92,0.99,1949232,1.05,1.05
2013-05-16,0.95,0.97,3786600,1.02,1.06
2013-05-17,1.02,1.02,1633437,1.03,1.06
2013-05-20,1.00,1.03,2095883,1.00,1.00
2013-05-22,0.99,1.00,1460982,0.99,1.00
2013-05-21,1.00,1.00,3148112,1.00,1.00
2013-05-23,0.99,0.99,192050,0.99,0.99
2013-05-24,0.95,0.99,2293613,0.96,0.99
2013-05-27,0.96,0.96,251123,0.96,0.96
2013-05-28,0.96,0.96,475400,0.96,0.96
2013-05-31,0.92,0.92,584117,0.92,0.93
2013-05-30,0.91,0.96,964500,0.92,0.96
2013-06-03,0.95,0.92,141095,0.95,0.95
2013-06-05,0.94,1.01,526827,0.94,0.96
2013-06-04,0.96,0.95,918824,1.01,1.01
2013-06-06,0.90,0.94,2400273,0.97,0.98
2013-06-07,0.97,0.97,7246123,1.00,1.06
2013-06-10,0.98,1.00,3117174,1.00,1.00
2013-06-11,0.98,1.00,1949474,1.00,1.00
2013-06-12,0.98,1.00,3747726,1.03,1.03
2013-06-13,0.94,1.03,735466,0.94,0.98
2013-06-14,0.94,0.94,77500,0.94,0.94
2013-06-18,0.90,0.94,456695,0.90,0.90
2013-06-17,0.94,0.94,127250,0.94,0.94
2013-06-19,0.90,0.90,100000,0.90,0.90
2013-06-20,0.90,0.90,46000,0.90,0.90
2013-06-21,0.93,0.90,108100,0.93,0.93
2013-06-24,0.91,0.93,90921,0.91,0.91
2013-06-26,0.84,0.86,322407,0.84,0.84
2013-06-25,0.86,0.91,470000,0.86,0.86
2013-06-27,0.91,0.84,1038590,0.92,0.92
2013-07-04,1.13,1.16,548919,1.13,1.13
2013-07-03,1.16,1.22,4848612,1.16,1.34
2013-07-01,1.11,1.01,2263047,1.11,1.11
2013-06-28,1.01,0.92,964058,1.01,1.01
2013-07-05,1.13,1.13,1540000,1.17,1.17
2013-07-08,1.18,1.17,493247,1.19,1.19
2013-07-09,1.18,1.19,696202,1.24,1.24
2013-07-10,1.15,1.24,715952,1.19,1.19
2013-07-11,1.11,1.19,643200,1.11,1.16
2013-07-12,1.10,1.11,1124812,1.10,1.16
2013-07-15,1.11,1.10,852055,1.11,1.14
2013-07-16,1.15,1.11,229800,1.15,1.15
2013-07-17,1.20,1.15,1007010,1.24,1.24
2013-07-19,1.29,1.29,110191025,1.29,1.30
2013-07-18,1.26,1.24,2244758,1.29,1.32
2013-07-23,1.11,1.21,1685572,1.12,1.20
2013-07-22,1.21,1.29,1826785,1.21,1.27
2013-07-25,1.02,1.13,1907384,1.07,1.07
2013-07-24,1.10,1.12,3694500,1.13,1.13
2013-07-26,1.01,1.07,1453026,1.03,1.07
2013-07-29,0.90,0.90,2816798,0.90,0.90
2013-07-30,0.90,0.90,633352,0.90,0.91
2013-07-31,0.91,0.90,912745,0.97,0.97
2013-08-01,0.96,0.97,1840644,0.96,1.00
2013-08-02,0.96,0.96,163500,0.96,0.96
2013-08-05,0.87,0.96,1975456,0.87,1.00
2013-08-06,0.81,0.87,4900839,0.92,0.92
2013-08-07,0.94,0.92,842516,0.94,0.98
2013-08-12,0.85,0.94,3367755,0.85,0.91
2013-08-13,0.85,0.85,302595,0.85,0.85
2013-08-14,0.87,0.85,568224,0.87,0.90
2013-08-15,0.92,0.87,408400,0.93,0.93
2013-08-16,0.90,0.93,346371,0.90,0.90
2013-08-19,0.91,0.90,110737,0.91,0.91
2013-08-20,0.90,0.91,223000,0.90,0.90
2013-08-21,0.81,0.90,577604,0.81,0.82
2013-08-22,0.74,0.81,560600,0.74,0.82
2013-08-23,0.69,0.74,11016515,0.74,0.78
2013-08-26,0.81,0.74,197621,0.81,0.81
2013-08-27,0.81,0.81,8017031,0.86,0.86
2013-08-28,0.85,0.86,7771007,0.86,0.87
2013-08-30,0.72,0.79,839900,0.77,0.77
2013-08-29,0.79,0.86,237573,0.79,0.79
2013-09-03,0.78,0.84,204900,0.78,0.78
2013-09-02,0.75,0.77,626779,0.84,0.84
2013-09-05,0.82,0.82,82058,0.82,0.82
2013-09-04,0.82,0.78,155529,0.82,0.82
2013-09-06,0.78,0.82,507000,0.78,0.82
2013-09-09,0.80,0.78,738784,0.82,0.82
2013-09-10,0.81,0.82,583513,0.81,0.82
2013-09-11,0.80,0.81,544502,0.85,0.85
2013-09-13,0.80,0.85,726448,0.80,0.80
2013-09-12,0.84,0.85,567408,0.85,0.86
2013-09-17,0.81,0.81,56448,0.81,0.81
2013-09-16,0.80,0.80,337346,0.81,0.81
2013-09-19,0.84,0.81,252484,0.84,0.84
2013-09-18,0.81,0.81,172870,0.81,0.81
2013-09-20,0.76,0.84,1011770,0.76,0.79
2013-09-23,0.76,0.76,397780,0.76,0.76
2013-09-24,0.83,0.76,298400,0.83,0.83
2013-09-25,0.77,0.83,267992,0.77,0.77
2013-09-26,0.76,0.77,541411,0.79,0.79
2013-09-27,0.74,0.79,583000,0.74,0.76
2013-09-30,0.75,0.74,407000,0.75,0.75
2013-10-02,0.75,0.75,533000,0.78,0.78
2013-10-04,0.79,0.78,451571,0.81,0.81
2013-10-07,0.83,0.81,232748,0.83,0.83
2013-10-08,0.80,0.83,429552,0.80,0.80
2013-10-09,0.80,0.80,486448,0.80,0.80
2013-10-10,0.76,0.80,614880,0.80,0.80
2013-10-11,0.80,0.80,485050,0.80,0.80
2013-10-17,0.79,0.80,333000,0.79,0.79
2013-10-18,0.77,0.79,401000,0.77,0.82
2013-10-21,0.77,0.77,705981,0.77,0.80
2013-10-22,0.76,0.77,625451,0.76,0.80
2013-10-23,0.76,0.76,414879,0.76,0.79
2013-10-24,0.79,0.76,81510,0.79,0.79
2013-10-25,0.76,0.79,347490,0.76,0.76
2013-10-28,0.76,0.76,10000,0.76,0.76
2013-10-29,0.79,0.76,2294000,0.79,0.79
2013-10-30,0.82,0.82,1221639,0.84,0.84
2013-10-31,0.84,0.84,82548,0.84,0.84
2013-11-01,0.80,0.84,359948,0.85,0.88
